{"cameraMode":{"drawMode":0,"name":"Shaded","section":"Shading Mode"},"sceneLighting":false,"audioPlay":false,"sceneViewState":{"m_AlwaysRefresh":false,"showFog":true,"showSkybox":false,"showFlares":true,"showImageEffects":true,"showParticleSystems":true,"showVisualEffectGraphs":true,"m_FxEnabled":true},"in2DMode":false,"pivot":{"x":1.442030906677246,"y":1.7484657764434815,"z":0.2542397975921631},"rotation":{"x":0.2710556983947754,"y":0.00866363849490881,"z":-0.0024376416113227607,"w":0.9625303149223328},"size":3.645371437072754,"orthographic":false}