{"cameraMode":{"drawMode":0,"name":"Shaded","section":"Shading Mode"},"sceneLighting":true,"audioPlay":false,"sceneViewState":{"m_AlwaysRefresh":false,"showFog":true,"showSkybox":true,"showFlares":true,"showImageEffects":true,"showParticleSystems":true,"showVisualEffectGraphs":true,"m_FxEnabled":true},"in2DMode":false,"pivot":{"x":-21.199203491210939,"y":0.10000449419021607,"z":10.976905822753907},"rotation":{"x":0.6701340079307556,"y":0.0033398254308849575,"z":-0.003015880472958088,"w":0.7422277927398682},"size":51.890220642089847,"orthographic":true}