{"cameraMode":{"drawMode":0,"name":"Shaded","section":"Shading Mode"},"sceneLighting":true,"audioPlay":false,"sceneViewState":{"m_AlwaysRefresh":false,"showFog":true,"showSkybox":true,"showFlares":true,"showImageEffects":true,"showParticleSystems":true,"showVisualEffectGraphs":true,"m_FxEnabled":true},"in2DMode":false,"pivot":{"x":-51.98017120361328,"y":3.4485580921173097,"z":-14.449474334716797},"rotation":{"x":0.30260932445526125,"y":0.02029556594789028,"z":-0.0064455424435436729,"w":0.9528793692588806},"size":18.34246253967285,"orthographic":true}