{"cameraMode":{"drawMode":0,"name":"Shaded","section":"Shading Mode"},"sceneLighting":true,"audioPlay":false,"sceneViewState":{"m_AlwaysRefresh":false,"showFog":true,"showSkybox":true,"showFlares":true,"showImageEffects":true,"showParticleSystems":true,"showVisualEffectGraphs":true,"m_FxEnabled":true},"in2DMode":false,"pivot":{"x":18.6200008392334,"y":0.8959999084472656,"z":-33.06605529785156},"rotation":{"x":0.04717249050736427,"y":-0.18265275657176972,"z":0.008774016052484513,"w":0.9820066690444946},"size":2.2486941814422609,"orthographic":true}